IMAGE«animal, gato, mascota«Pawell«https://www.flickr.com/photos/35559038@N02/19001726089/«CC0
IMAGE«router«Florian Scholz«http://jose.com«BY-NC
IMAGE«Leica Summicron-R 35mm f/2 E55« &#25885;&#21040;&#25499;«https://www.flickr.com/photos/md903152/19421411035/in/photostream/«CC0
IMAGE«animal, gato, mascota«Pawe&#322;«https://www.flickr.com/photos/35559038@N02/19001726089/«PD
IMAGE«Leica Summicron-R 35mm f/2 E55« &#25885;&#21040;&#25499;«https://www.flickr.com/photos/md903152/19421411035/in/photostream/«CC0
IMAGE«The straight and not so narrow«gb3 photography«https://www.flickr.com/photos/9396421@N02/18846326773/«PD
IMAGE«DSC09737.jpg« Harald Deischinger«https://www.flickr.com/photos/deischi/19472887981/«BY
IMAGE«&#1044;&#1077;&#1085;&#1100; &#1088;&#1086;&#1078;&#1076;&#1077;&#1085;&#1080;&#1103; &#1082;&#1085;&#1080;&#1075;&#1080; &#1040;&#1083;&#1080;&#1089;&#1072; &#1074; &#1057;&#1090;&#1088;&#1072;&#1085;&#1077; &#1095;&#1091;&#1076;&#1077;&#1089;« Polytechnic Museum«https://www.flickr.com/photos/polytechnicum/19472780861/«BY-NC
VIDEO«Pirineos HD Pyrenées HD«Kali Group travel«https://www.youtube.com/watch?v=oI2Yj7fzf84«BY
IMAGE«Mummy_Mountain.JPG &#8206;(607 × 555 pixels, file size: 76 KB«Jefftopham«https://commons.wikimedia.org/wiki/File:Mummy_Mountain.JPG«PD
AUDIO«Positive Pop Track, Album artwork«Forssto«https://www.jamendo.com/es/track/1044250/positive-pop-track«BY-NC
APPLICATION«prueba; php; imagen«J. P. Toll«http://jose.com«PD
AUDIO«prueba; php; imagen«Pawe&#322;«http://www.fager.edu/fotos/2345«CC0
EXAMPLE«Leica Summicron-R 35mm f/2 E55«Renate Jensen«https://www.flickr.com/photos/md903152/19421411035/in/photostream/«BY
MESSAGE«Leica Summicron-R 35mm f/2 E55«Pawe&#322;«http://jose.com«BY-SA
MODEL«router«José J. Fager«http://jose.com«BY-NC
MODEL«DSC09737.jpg«Forssto«http://www.fager.edu/fotos/2345«BY-NC-ND
VIDEO«The straight and not so narrow«Forssto«http://jose.com«CR
APPLICATION««««PD
APPLICATION««««PD
APPLICATION«prueba; php; imagen«Pawe&#322;«https://www.flickr.com/photos/35559038@N02/19001726089/«CC0
APPLICATION«prueba; php; imagen«José J. Fager«http://www.fager.edu/fotos/2345«BY-NC
MESSAGE«Leica Summicron-R 35mm f/2 E55«Pawe&#322;«https://www.flickr.com/photos/md903152/19421411035/in/photostream/«BY-ND
IMAGE«DSC09737.jpg«J. P. Toll«https://www.flickr.com/photos/md903152/19421411035/in/photostream/«BY-NC-SA
